Id,OrderId,ProductId,Quantity
1,1,939,1
2,1,916,1
3,1,87,2
4,2,121,1
5,2,956,3
6,2,112,5
7,3,250,2
8,3,667,4
9,3,419,1
10,4,867,3
11,4,237,3
12,5,161,4
13,5,29,2
14,6,21,2
15,6,826,2
16,6,509,3
17,7,785,2
18,8,668,1
19,8,19,1
20,8,483,1
21,9,253,2
22,9,338,2
23,9,270,1
24,10,573,4
25,11,97,5
26,11,826,4
27,11,138,5
28,11,811,1
29,12,357,5
30,12,211,4
31,12,1000,4
32,12,612,2
33,13,113,1
34,13,302,3
35,13,957,2
36,13,595,1
37,14,833,3
38,14,286,4
39,14,252,2
40,14,423,1
41,15,687,4
42,16,465,2
43,17,149,1
44,17,849,4
45,17,965,1
46,17,579,4
47,18,420,4
48,18,15,2
49,18,160,4
50,18,609,4
51,19,560,4
52,19,258,1
53,19,841,2
54,19,860,2
55,20,414,4
56,20,988,3
57,20,965,2
58,21,773,1
59,21,398,1
60,22,513,5
61,22,210,5
62,22,487,1
63,23,803,4
64,24,172,2
65,24,42,5
66,24,213,2
67,24,178,1
68,25,8,1
69,25,325,1
70,25,943,4
71,26,536,4
72,26,740,4
73,27,128,4
74,27,94,2
75,28,308,2
76,28,74,1
77,28,785,4
78,29,34,2
79,29,529,4
80,29,617,3
81,30,576,5
82,30,117,3
83,30,36,1
84,30,857,1
85,31,307,3
86,31,760,2
87,31,160,2
88,31,42,1
89,32,479,4
90,32,318,5
91,32,361,4
92,33,332,2
93,34,803,4
94,35,986,4
95,35,996,4
96,35,463,2
97,36,935,2
98,36,214,4
99,36,342,2
100,36,545,4
101,37,381,2
102,38,694,1
103,38,857,5
104,39,151,4
105,39,285,1
106,39,442,5
107,39,329,5
108,40,792,3
109,40,585,2
110,40,392,4
111,41,655,2
112,41,508,3
113,41,546,2
114,41,82,2
115,42,762,4
116,42,596,3
117,43,28,3
118,44,812,5
119,44,348,3
120,45,420,5
121,45,494,2
122,45,282,5
123,45,23,4
124,46,741,2
125,46,431,1
126,47,794,3
127,47,636,4
128,47,66,5
129,48,961,5
130,48,738,5
131,48,726,5
132,49,519,1
133,49,781,4
134,50,839,1
135,51,613,3
136,52,146,1
137,52,501,5
138,52,567,1
139,53,560,1
140,53,963,4
141,53,515,1
142,54,833,5
143,54,918,3
144,54,65,2
145,54,716,3
146,55,120,5
147,55,973,3
148,56,555,2
149,56,433,1
150,56,609,4
151,57,675,3
152,57,220,4
153,57,423,5
154,58,253,2
155,58,772,5
156,59,172,3
157,59,108,3
158,59,136,4
159,59,385,4
160,60,222,2
161,60,472,4
162,61,509,5
163,61,541,1
164,62,770,5
165,62,726,1
166,62,647,2
167,62,161,3
168,63,89,2
169,63,194,1
170,63,343,4
171,63,649,3
172,64,7,5
173,64,112,1
174,65,362,1
175,65,684,3
176,65,1,4
177,65,278,2
178,66,549,4
179,66,720,5
180,67,352,4
181,67,312,5
182,67,922,4
183,67,820,3
184,68,7,4
185,68,773,5
186,68,564,2
187,69,870,1
188,69,349,2
189,69,13,2
190,70,747,2
191,70,917,2
192,71,593,2
193,71,508,4
194,71,741,3
195,71,769,4
196,72,170,2
197,73,909,4
198,74,185,4
199,74,223,2
200,75,131,3
201,75,501,3
202,76,831,1
203,76,344,4
204,76,658,3
205,77,377,1
206,77,155,5
207,77,138,3
208,77,883,5
209,78,775,2
210,79,891,1
211,79,103,2
212,80,999,2
213,80,483,3
214,81,918,1
215,81,846,2
216,81,997,4
217,81,146,4
218,82,485,5
219,83,948,5
220,83,186,5
221,83,836,2
222,84,59,3
223,85,88,1
224,85,959,5
225,85,829,2
226,85,308,1
227,86,824,2
228,86,785,5
229,87,753,5
230,88,974,3
231,88,620,2
232,88,403,1
233,88,122,1
234,89,813,1
235,89,433,1
236,89,612,4
237,89,699,5
238,90,894,1
239,90,202,3
240,90,769,3
241,90,698,5
242,91,628,2
243,91,144,1
244,92,513,1
245,92,445,5
246,92,762,1
247,93,859,1
248,93,924,4
249,93,382,3
250,93,234,5
251,94,232,3
252,95,579,3
253,96,23,2
254,96,158,3
255,97,467,5
256,98,974,4
257,98,490,2
258,98,600,2
259,98,866,1
260,99,546,3
261,99,836,2
262,100,486,3
263,100,980,1
264,100,237,4
265,101,792,2
266,101,824,2
267,102,144,4
268,102,424,4
269,102,601,1
270,102,734,5
271,103,728,2
272,103,179,5
273,104,221,5
274,104,980,2
275,105,893,3
276,105,509,5
277,105,639,5
278,106,270,4
279,106,4,1
280,107,660,1
281,107,642,4
282,107,262,3
283,108,913,4
284,108,723,2
285,108,683,4
286,108,877,5
287,109,748,1
288,109,114,2
289,110,67,2
290,110,724,1
291,110,455,1
292,111,507,5
293,111,891,2
294,111,901,2
295,112,673,5
296,113,860,2
297,113,282,2
298,113,938,4
299,113,84,2
300,114,805,1
301,114,672,2
302,115,271,4
303,115,111,2
304,116,163,3
305,116,821,3
306,117,805,1
307,117,241,3
308,117,224,1
309,117,966,5
310,118,371,4
311,118,975,2
312,118,483,1
313,118,431,4
314,119,614,1
315,119,158,5
316,119,318,3
317,120,600,3
318,120,166,5
319,121,366,4
320,121,472,4
321,122,613,5
322,122,429,2
323,122,25,5
324,123,758,5
325,124,833,4
326,124,648,3
327,124,710,1
328,124,298,1
329,125,393,2
330,125,281,1
331,125,704,5
332,126,590,4
333,126,261,4
334,127,359,5
335,128,552,1
336,129,914,5
337,129,423,4
338,129,946,5
339,129,802,1
340,130,98,4
341,130,989,3
342,130,273,3
343,130,405,3
344,131,460,5
345,131,583,5
346,132,803,5
347,132,653,5
348,132,265,1
349,132,416,1
350,133,130,1
351,133,852,3
352,133,535,3
353,134,74,1
354,134,774,1
355,134,852,2
356,134,163,4
357,135,70,3
358,135,419,2
359,135,512,5
360,136,270,2
361,136,172,4
362,136,709,1
363,136,590,1
364,137,2,1
365,138,752,1
366,138,694,4
367,139,314,1
368,140,148,1
369,140,815,1
370,140,164,2
371,140,565,1
372,141,862,1
373,141,663,2
374,141,702,3
375,141,914,1
376,142,962,2
377,142,265,5
378,143,535,4
379,144,571,1
380,145,196,5
381,145,505,5
382,145,219,4
383,145,389,5
384,146,701,5
385,146,295,1
386,146,645,1
387,146,499,4
388,147,275,1
389,147,668,4
390,147,659,5
391,147,82,1
392,148,939,5
393,148,752,4
394,149,703,1
395,149,884,1
396,150,768,3
397,150,24,1
398,151,731,5
399,151,804,5
400,151,145,2
401,151,631,5
402,152,873,1
403,152,417,2
404,153,371,2
405,153,672,3
406,153,246,5
407,154,396,1
408,154,230,2
409,154,768,2
410,155,142,3
411,155,712,5
412,156,588,2
413,156,493,1
414,157,518,5
415,157,944,5
416,157,598,3
417,158,906,2
418,159,189,5
419,159,263,5
420,159,380,3
421,159,755,4
422,160,502,1
423,160,186,3
424,160,793,5
425,160,582,4
426,161,918,1
427,162,729,4
428,162,5,2
429,162,354,5
430,163,688,3
431,163,189,5
432,163,524,3
433,164,697,1
434,164,705,5
435,165,105,2
436,165,990,4
437,166,332,2
438,167,19,5
439,168,827,5
440,168,741,1
441,169,446,1
442,170,981,1
443,170,280,3
444,171,198,3
445,171,582,1
446,171,134,1
447,172,620,1
448,173,324,5
449,173,266,1
450,174,924,2
451,174,524,3
452,174,655,4
453,175,236,5
454,175,602,5
455,175,676,2
456,175,288,3
457,176,68,4
458,177,133,2
459,178,340,2
460,178,617,2
461,178,677,3
462,179,595,1
463,179,924,5
464,179,355,3
465,180,659,1
466,180,752,5
467,180,567,5
468,181,569,2
469,181,123,4
470,181,611,4
471,181,854,5
472,182,516,4
473,182,679,2
474,183,763,2
475,183,555,5
476,183,929,5
477,184,612,4
478,185,142,5
479,185,249,1
480,185,639,5
481,186,556,3
482,187,258,2
483,187,685,5
484,187,3,2
485,188,14,2
486,189,220,3
487,189,376,1
488,189,215,1
489,189,304,3
490,190,760,2
491,190,222,3
492,190,145,2
493,191,66,1
494,191,649,4
495,191,954,5
496,192,367,4
497,192,470,1
498,192,665,4
499,193,713,1
500,194,284,2
501,195,870,5
502,195,577,4
503,195,436,3
504,195,308,2
505,196,170,1
506,197,953,4
507,198,621,2
508,199,428,1
509,199,442,1
510,199,523,3
511,199,261,5
512,200,296,1
513,200,729,3
514,200,457,2
515,200,289,1
516,201,867,2
517,202,424,2
518,202,658,1
519,203,360,2
520,203,326,4
521,203,727,4
522,204,279,3
523,204,857,1
524,204,115,5
525,204,598,5
526,205,730,2
527,206,808,4
528,206,670,3
529,207,820,1
530,207,822,4
531,207,336,2
532,207,731,4
533,208,780,3
534,209,741,1
535,210,750,1
536,210,661,4
537,210,758,4
538,210,647,2
539,211,165,5
540,211,503,2
541,211,888,4
542,212,830,3
543,213,337,4
544,213,198,1
545,213,988,4
546,213,227,2
547,214,80,4
548,214,50,4
549,214,519,3
550,214,766,4
551,215,188,5
552,215,674,3
553,216,732,1
554,216,50,1
555,216,798,4
556,216,615,5
557,217,556,4
558,217,442,2
559,217,232,5
560,217,584,1
561,218,630,2
562,218,969,5
563,218,403,5
564,218,370,5
565,219,165,3
566,219,88,2
567,219,684,4
568,220,841,2
569,221,577,2
570,221,295,1
571,222,434,3
572,222,258,1
573,222,420,1
574,223,991,5
575,224,471,1
576,225,300,1
577,225,609,5
578,225,295,5
579,225,457,4
580,226,867,2
581,227,618,4
582,227,643,5
583,227,172,5
584,228,389,5
585,228,295,3
586,229,234,1
587,230,921,2
588,230,199,2
589,230,5,1
590,231,571,4
591,231,637,2
592,231,377,3
593,231,249,3
594,232,515,2
595,232,449,1
596,232,532,1
597,232,623,4
598,233,448,3
599,233,524,5
600,233,468,2
601,233,760,2
602,234,967,4
603,234,858,5
604,234,839,2
605,234,469,2
606,235,674,5
607,235,905,2
608,235,784,4
609,236,603,2
610,236,880,3
611,236,350,4
612,237,268,1
613,237,111,3
614,237,46,2
615,238,599,5
616,238,646,5
617,238,392,5
618,239,395,3
619,239,518,2
620,239,101,2
621,239,541,3
622,240,836,2
623,240,185,1
624,241,408,4
625,242,664,2
626,242,951,3
627,243,795,4
628,243,563,5
629,243,130,4
630,244,998,3
631,244,498,2
632,244,616,1
633,245,605,3
634,245,943,5
635,246,415,2
636,246,429,3
637,247,88,3
638,247,781,3
639,248,24,3
640,248,572,5
641,248,563,1
642,249,694,2
643,249,506,3
644,250,664,4
645,250,330,5
646,250,137,4
647,250,224,2
648,251,1,1
649,252,25,1
650,252,565,1
651,252,992,2
652,253,147,1
653,253,546,2
654,254,426,4
655,254,669,4
656,254,453,1
657,255,581,2
658,255,3,2
659,255,369,5
660,256,730,2
661,257,498,4
662,258,79,3
663,258,726,3
664,258,650,1
665,258,530,1
666,259,651,3
667,259,512,3
668,259,194,4
669,260,773,1
670,260,719,1
671,260,807,5
672,261,260,3
673,261,622,4
674,261,730,2
675,261,15,2
676,262,145,5
677,262,698,2
678,263,481,3
679,264,867,3
680,265,714,2
681,265,676,2
682,265,583,3
683,266,749,3
684,267,406,5
685,267,746,1
686,267,927,1
687,267,991,1
688,268,613,5
689,269,996,1
690,269,403,2
691,269,879,5
692,270,218,2
693,270,797,4
694,271,685,5
695,271,128,1
696,271,870,3
697,272,61,2
698,273,951,2
699,273,898,4
700,274,857,3
701,274,9,3
702,274,810,1
703,274,654,3
704,275,627,5
705,275,743,3
706,276,424,5
707,276,637,3
708,277,923,1
709,278,163,3
710,278,475,1
711,278,325,3
712,279,171,4
713,279,167,5
714,279,694,5
715,279,293,2
716,280,661,2
717,280,19,1
718,281,372,2
719,282,168,2
720,282,599,4
721,282,525,3
722,283,405,2
723,283,472,3
724,284,185,5
725,284,561,3
726,284,499,2
727,284,388,4
728,285,790,3
729,285,962,3
730,285,580,3
731,285,827,1
732,286,827,3
733,286,658,5
734,286,679,3
735,286,278,5
736,287,22,3
737,288,29,4
738,288,741,4
739,288,685,2
740,289,599,1
741,289,989,5
742,289,114,1
743,289,270,2
744,290,221,2
745,290,51,2
746,291,790,3
747,291,906,4
748,292,188,5
749,292,164,3
750,293,587,3
751,294,782,2
752,294,575,5
753,294,695,3
754,294,405,2
755,295,711,3
756,296,357,3
757,296,102,2
758,297,765,5
759,297,30,5
760,297,230,2
761,297,957,5
762,298,601,3
763,298,185,4
764,298,789,4
765,298,920,5
766,299,446,3
767,299,998,1
768,300,837,4
769,301,878,4
770,301,242,2
771,301,394,1
772,302,125,3
773,302,87,1
774,302,829,2
775,302,845,2
776,303,818,2
777,303,436,1
778,303,629,5
779,304,687,4
780,304,578,1
781,304,141,4
782,305,294,3
783,305,184,3
784,305,520,4
785,305,126,2
786,306,744,2
787,307,806,3
788,307,608,1
789,308,580,3
790,308,500,5
791,309,774,1
792,309,800,5
793,310,981,3
794,311,368,4
795,311,304,1
796,311,244,5
797,312,457,3
798,313,75,1
799,313,446,5
800,314,773,4
801,314,936,2
802,314,824,3
803,314,963,2
804,315,481,5
805,315,55,4
806,315,709,4
807,315,724,4
808,316,382,5
809,317,178,4
810,317,758,3
811,318,238,1
812,318,413,1
813,318,231,2
814,318,745,1
815,319,266,5
816,319,339,1
817,319,736,1
818,319,732,3
819,320,479,4
820,321,507,1
821,322,625,1
822,323,281,2
823,323,4,4
824,323,561,4
825,324,831,1
826,324,471,5
827,324,596,3
828,325,495,3
829,326,85,2
830,326,93,4
831,326,539,1
832,327,630,1
833,328,891,5
834,329,423,1
835,329,934,3
836,330,61,5
837,330,756,5
838,330,487,4
839,331,438,5
840,331,439,5
841,332,832,2
842,332,467,5
843,332,209,3
844,332,168,3
845,333,725,4
846,333,114,4
847,334,926,5
848,335,67,2
849,335,706,1
850,335,675,2
851,335,139,4
852,336,701,3
853,336,879,2
854,337,585,5
855,337,265,2
856,338,425,4
857,338,996,3
858,338,723,5
859,338,269,3
860,339,877,5
861,339,522,1
862,339,488,2
863,339,766,3
864,340,693,5
865,340,107,3
866,340,169,2
867,341,555,1
868,342,88,5
869,343,340,5
870,343,415,4
871,343,810,1
872,343,631,2
873,344,121,3
874,344,363,2
875,344,744,1
876,344,107,4
877,345,797,4
878,345,334,2
879,345,580,4
880,345,285,2
881,346,756,3
882,347,530,5
883,347,986,4
884,348,864,4
885,348,65,1
886,348,244,4
887,349,282,3
888,349,220,5
889,349,529,2
890,350,539,3
891,350,502,4
892,351,228,3
893,351,132,2
894,351,570,1
895,351,438,1
896,352,624,1
897,352,374,1
898,352,362,3
899,353,507,5
900,353,703,5
901,353,117,5
902,353,318,2
903,354,602,2
904,354,583,2
905,355,552,1
906,356,562,3
907,356,663,3
908,356,561,4
909,357,185,1
910,357,433,1
911,358,588,5
912,359,798,3
913,359,303,5
914,359,70,3
915,359,648,2
916,360,15,1
917,360,652,3
918,361,518,3
919,362,879,1
920,363,424,5
921,363,446,5
922,363,468,1
923,363,965,3
924,364,555,4
925,364,356,4
926,364,364,2
927,365,29,1
928,365,356,1
929,365,65,4
930,365,964,4
931,366,435,4
932,366,714,5
933,367,607,4
934,368,455,3
935,368,158,1
936,369,314,4
937,369,165,2
938,370,746,3
939,370,883,1
940,370,197,2
941,370,305,2
942,371,58,5
943,371,470,4
944,371,556,5
945,371,886,2
946,372,141,4
947,372,51,1
948,372,886,4
949,373,583,2
950,374,216,1
951,374,348,2
952,375,13,2
953,375,783,4
954,376,916,5
955,376,944,3
956,376,94,4
957,377,772,3
958,377,158,2
959,377,304,2
960,378,440,1
961,378,358,3
962,378,314,2
963,378,597,3
964,379,623,2
965,379,213,1
966,379,808,3
967,380,306,2
968,380,206,4
969,381,676,1
970,381,760,1
971,382,579,4
972,382,70,3
973,382,916,1
974,382,709,3
975,383,696,2
976,384,387,1
977,385,950,5
978,385,579,2
979,386,921,5
980,387,288,3
981,387,239,1
982,388,763,3
983,388,415,5
984,389,869,2
985,389,227,2
986,390,315,4
987,390,816,5
988,390,549,1
989,390,155,3
990,391,281,1
991,391,38,3
992,391,318,5
993,391,311,4
994,392,850,3
995,392,817,4
996,392,513,3
997,393,162,3
998,394,726,5
999,394,164,4
1000,395,324,3
